{"cameraMode":{"drawMode":0,"name":"Shaded","section":"Shading Mode"},"sceneLighting":false,"audioPlay":false,"sceneViewState":{"m_AlwaysRefresh":false,"showFog":true,"showSkybox":false,"showFlares":true,"showImageEffects":true,"showParticleSystems":true,"showVisualEffectGraphs":true,"m_FxEnabled":true},"in2DMode":false,"pivot":{"x":0.32556289434432986,"y":0.6948776245117188,"z":-0.057955026626586917},"rotation":{"x":0.002055926015600562,"y":-0.9318171739578247,"z":-0.0053067440167069439,"w":-0.36291319131851199},"size":5.995029449462891,"orthographic":false}