{"cameraMode":{"drawMode":0,"name":"Shaded","section":"Shading Mode"},"sceneLighting":true,"audioPlay":false,"sceneViewState":{"m_AlwaysRefresh":false,"showFog":true,"showSkybox":true,"showFlares":true,"showImageEffects":true,"showParticleSystems":true,"showVisualEffectGraphs":true,"m_FxEnabled":true},"in2DMode":false,"pivot":{"x":-7.095552921295166,"y":0.8639606237411499,"z":36.130531311035159},"rotation":{"x":-0.008980575017631054,"y":-0.9893762469291687,"z":-0.06955688446760178,"w":0.12744079530239106},"size":0.8660253882408142,"orthographic":false}