{"cameraMode":{"drawMode":0,"name":"Shaded","section":"Shading Mode"},"sceneLighting":true,"audioPlay":false,"sceneViewState":{"m_AlwaysRefresh":false,"showFog":true,"showSkybox":true,"showFlares":true,"showImageEffects":true,"showParticleSystems":true,"showVisualEffectGraphs":true,"m_FxEnabled":true},"in2DMode":false,"pivot":{"x":-261.4591064453125,"y":70.07424926757813,"z":9.234527587890625},"rotation":{"x":0.002055926015600562,"y":-0.9318171739578247,"z":-0.0053067440167069439,"w":-0.36291319131851199},"size":1.7112410068511963,"orthographic":false}