{"cameraMode":{"drawMode":0,"name":"Shaded","section":"Shading Mode"},"sceneLighting":true,"audioPlay":false,"sceneViewState":{"m_AlwaysRefresh":false,"showFog":true,"showSkybox":true,"showFlares":true,"showImageEffects":true,"showParticleSystems":true,"showVisualEffectGraphs":true,"m_FxEnabled":true},"in2DMode":false,"pivot":{"x":22.344226837158204,"y":0.44000244140625,"z":0.06751251220703125},"rotation":{"x":-0.001786326407454908,"y":0.9924835562705994,"z":-0.12149538844823837,"w":-0.014589490368962288},"size":2.579216718673706,"orthographic":false}